[
    {
        "nombre": "coca cola",
        "cantidad": 90,
        "precio": 2.50,
        "vendedor": "Rafael"
    },
    {
        "nombre": "coca cola",
        "cantidad": 90,
        "precio": 2.50,
        "vendedor": "Rafael"
    },
    {
        "nombre": "coca cola",
        "cantidad": 90,
        "precio": 2.50,
        "vendedor": "Rafael"
    },
    {
        "nombre": "coca cola",
        "cantidad": 90,
        "precio": 2.50,
        "vendedor": "Rafael"
    }
]